title,logo,urlField,dbtaCertified,dbtAdherentTeam,specialties,credentials,locations,locationCount
Addictions and Stress Clinic dba ASC Psychological Services,addictions_and_stress_clinic_dba_asc_psychological.png,https://www.ascpsychological.com/contact-us/,false,false,"[""Trauma"", ""Grief"", ""Addiction"", ""Behavioral issues"", ""Post-traumatic stress""]","[""PhD"", ""LP"", ""LICSW"", ""Mental Health Practitioner"", ""LADC"", ""MSW"", ""LMFT"", ""LPCC"", ""PsyD"", ""LGSW""]","[{""address"": ""12 Civic Center Plaza, #615"", ""fullAddress"": ""12 Civic Center Plaza, #615, Mankato, MN, 56001"", ""city"": ""Mankato"", ""state"": ""MN"", ""zip"": ""56001"", ""website"": ""https://www.ascpsychological.com/contact-us/"", ""email"": """", ""phone"": ""(507) 345-4679"", ""availability"": """"}, {""address"": ""2277 Highway 36, # 150 & # 155"", ""fullAddress"": ""2277 Highway 36, # 150 & # 155, Roseville, MN, 55113"", ""city"": ""Roseville"", ""state"": ""MN"", ""zip"": ""55113"", ""website"": ""https://www.ascpsychological.com/contact-us/"", ""email"": """", ""phone"": ""(507) 345-4679"", ""availability"": """"}]",2
"Advanced Behavioral Health, Inc",,http://www.abhtherapy.com/,false,false,[],[],"[{""address"": ""6160 Summit Dr N, Ste 375"", ""fullAddress"": ""6160 Summit Dr N, Ste 375, Brooklyn Center, MN, 55430"", ""city"": ""Brooklyn Center"", ""state"": ""MN"", ""zip"": ""55430"", ""website"": ""http://www.abhtherapy.com/"", ""email"": """", ""phone"": ""763-560-8331"", ""availability"": """"}]",1
Align Your Soul Counseling,,http://www.alignyoursoulcounseling.com/,true,false,"[""Trauma"", ""Anxiety"", ""Depression"", ""BIPOC"", ""LGBTQIA2S+""]","[""MS"", ""LPCC DBT-Linehan Board of Certification"", ""Certified Clinician™""]","[{""address"": ""Ironwood Square Building, 300 3rd Ave, Suite 302"", ""fullAddress"": ""Ironwood Square Building, 300 3rd Ave, Suite 302, Rochester, MN, 55904"", ""city"": ""Rochester"", ""state"": ""MN"", ""zip"": ""55904"", ""website"": ""http://www.alignyoursoulcounseling.com/"", ""email"": """", ""phone"": ""507-703-6377"", ""availability"": """"}]",1
"Art of Counseling, PLLC",,https://artofcounselingstpaul.com/,true,false,[],"[""Admin"", ""MA"", ""LMFT"", ""ATR"", ""BS"", ""MSW"", ""LICSW"", ""PsyD"", ""LP""]","[{""address"": ""275 4th St East, Suite 301"", ""fullAddress"": ""275 4th St East, Suite 301, St. Paul, MN, 55101"", ""city"": ""St. Paul"", ""state"": ""MN"", ""zip"": ""55101"", ""website"": ""https://artofcounselingstpaul.com/"", ""email"": """", ""phone"": ""(651) 318-0109"", ""availability"": """"}]",1
Art of Validation and Change,art_of_validation_and_change.jpg,https://kristenlund.com/,false,false,"[""Anxiety"", ""ADHD"", ""Bi-polar disorder"", ""Depression"", ""Trauma"", ""PTSD"", ""Personality Disorders"", ""Self-harm"", ""Suicidality"", ""Grief"", ""Substance use"", ""Life transitions"", ""Parenting"", ""Intimacy struggles"", ""Body positivity"", ""Queer and nonbinary folks""]","[""MSW"", ""LICSW"", ""MA"", ""LPCC"", ""LGSW""]","[{""address"": ""790 Cleveland Avenue S, Suite 211"", ""fullAddress"": ""790 Cleveland Avenue S, Suite 211, St. Paul, MN, 55116"", ""city"": ""St. Paul"", ""state"": ""MN"", ""zip"": ""55116"", ""website"": ""https://kristenlund.com/"", ""email"": ""avc@kristenlund.com"", ""phone"": ""612-245-4683"", ""availability"": """"}]",1
Associated Clinic of Psychology (ACP DBT),associated_clinic_of_psychology__acp_dbt.png,http://acp-mn.com/,true,false,"[""DBT"", ""Trauma"", ""Anxiety"", ""BPD"", ""Eating Disorders""]","[""PhD"", ""LP"", ""LMFT"", ""LADC"", ""MD"", ""MSW"", ""LICSW"", ""MA"", ""LPCC""]","[{""address"": ""4027 County Road 25"", ""fullAddress"": ""4027 County Road 25, Minneapolis, MN, 55416"", ""city"": ""Minneapolis"", ""state"": ""MN"", ""zip"": ""55416"", ""website"": ""http://acp-mn.com/"", ""email"": """", ""phone"": ""612-925-6033"", ""availability"": ""true""}, {""address"": ""6950 W 146th St, Suite 100"", ""fullAddress"": ""6950 W 146th St, Suite 100, Apple Valley, MN, 55124"", ""city"": ""Apple Valley"", ""state"": ""MN"", ""zip"": ""55124"", ""website"": ""http://acp-mn.com/"", ""email"": """", ""phone"": ""612-925-6033"", ""availability"": ""true""}, {""address"": ""149 Thompson Ave E, Suite 150"", ""fullAddress"": ""149 Thompson Ave E, Suite 150, W. St. Paul, MN, 55118"", ""city"": ""W. St. Paul"", ""state"": ""MN"", ""zip"": ""55118"", ""website"": ""http://acp-mn.com/"", ""email"": """", ""phone"": ""612-925-6033"", ""availability"": ""true""}]",3
Autonomy Counseling,autonomy_counseling.jpg,https://www.autonomycounseling.com/,false,false,[],"[""Psychiatric-Mental Health Nurse Practitioner (PMHNP)"", ""Clinical Therapist Intern"", ""Outpatient Behavioral Health Therapist"", ""Licensed Professional Clinical Counselor (LPCC)"", ""Clinic Director"", ""Office Manager"", ""Office Assistant""]","[{""address"": ""800 Holiday Dr, Suite 170"", ""fullAddress"": ""800 Holiday Dr, Suite 170, Moorhead, MN, 56560"", ""city"": ""Moorhead"", ""state"": ""MN"", ""zip"": ""56560"", ""website"": ""https://www.autonomycounseling.com/"", ""email"": ""autonomypllc@gmail.com"", ""phone"": ""218-979-3828"", ""availability"": """"}]",1
Behavioral Health Advocate,behavioral_health_advocate.png,https://www.bhadvocate.com/,true,false,"[""Brainspotting"", ""Trauma"", ""Anxiety"", ""BPD"", ""Eating Disorders"", ""Grief and Loss"", ""Hoarding"", ""Cancer""]","[""Treatment Director"", ""MSW LICSW"", ""MSW LICSW CPRP"", ""LICSW"", ""Administrator"", ""Office Manager""]","[{""address"": ""130 Park Ave S, Ste 3"", ""fullAddress"": ""130 Park Ave S, Ste 3, St. Cloud, MN, 56301"", ""city"": ""St. Cloud"", ""state"": ""MN"", ""zip"": ""56301"", ""website"": ""https://www.bhadvocate.com/"", ""email"": ""info@bhadvocate.com"", ""phone"": ""(320) 251-4571"", ""availability"": ""true""}]",1
Choices Psychotherapy Ltd,,https://choicespsychotherapy.net/services/dbt/,false,false,"[""Anxiety"", ""Depression"", ""Emotional dysregulation"", ""PTSD"", ""Eating disorders"", ""Impulse control challenges"", ""Self-harm behaviors"", ""Relationship struggles"", ""Trauma"", ""Bipolar Disorder""]","[""MS"", ""LICSW"", ""MA"", ""LMFT""]","[{""address"": ""10201 Wayzata Boulevard, Suite 100, Minnetonka, MN, 55305"", ""fullAddress"": ""10201 Wayzata Boulevard, Suite 100, Minnetonka, MN, 55305"", ""city"": ""Minnetonka"", ""state"": ""MN"", ""zip"": ""10201"", ""website"": ""https://choicespsychotherapy.net/services/dbt/"", ""email"": """", ""phone"": ""952-544-6806"", ""availability"": ""true""}, {""address"": ""7901 Xerxes Ave S, Suite 225"", ""fullAddress"": ""7901 Xerxes Ave S, Suite 225, Bloomington, MN, 55431"", ""city"": ""Bloomington"", ""state"": ""MN"", ""zip"": ""55431"", ""website"": ""https://choicespsychotherapy.net/services/dbt/"", ""email"": """", ""phone"": ""952-544-6806"", ""availability"": ""true""}, {""address"": ""7975 Stone Creek Dr, Suite 130"", ""fullAddress"": ""7975 Stone Creek Dr, Suite 130, Chanhassen, MN, 55317"", ""city"": ""Chanhassen"", ""state"": ""MN"", ""zip"": ""55317"", ""website"": ""https://choicespsychotherapy.net/services/dbt/"", ""email"": """", ""phone"": ""952-544-6806"", ""availability"": ""true""}]",3
DBT-PTSD & EMDR Specialist,,http://www.dbtemdr.com/home,false,false,[],[],"[{""address"": ""10000 Hwy 55, Suite 300, Plymouth, MN, 55441"", ""fullAddress"": ""10000 Hwy 55, Suite 300, Plymouth, MN, 55441"", ""city"": ""Plymouth"", ""state"": ""MN"", ""zip"": ""10000"", ""website"": ""http://www.dbtemdr.com/home"", ""email"": """", ""phone"": ""763-412-0722"", ""availability"": """"}]",1
DBT Associates,,https://www.dbtassociates.com/,true,false,"[""Borderline Personality Disorder"", ""Emotion Dysregulation Related Disorders"", ""Obsessive Compulsive Personality Disorder"", ""Anorexia"", ""Chronic Unremitting Depression"", ""Anxiety Disorders"", ""Autism Spectrum Disorders"", ""Chemical Dependency"", ""Trauma""]","[""MSW"", ""LICSW"", ""LMFT"", ""BS"", ""LADC"", ""LGSW"", ""MA"", ""LPCC""]","[{""address"": ""7362 University Avenue Northeast, Suite 101"", ""fullAddress"": ""7362 University Avenue Northeast, Suite 101, Fridley, MN, 55432"", ""city"": ""Fridley"", ""state"": ""MN"", ""zip"": ""55432"", ""website"": ""https://www.dbtassociates.com/"", ""email"": """", ""phone"": ""763-503-3981"", ""availability"": """"}]",1
Elevacare dba Southwest Mental Health Clinic,,,false,false,[],[],"[{""address"": ""1210 5th Avenue"", ""fullAddress"": ""1210 5th Avenue, Worthington, MN, 56187"", ""city"": ""Worthington"", ""state"": ""MN"", ""zip"": ""56187"", ""website"": """", ""email"": """", ""phone"": ""507-376-4141"", ""availability"": """"}]",1
Evident Social Services,evident_social_services.png,https://www.evidentmn.com/,false,false,"[""Mental health challenges"", ""emotional regulation"", ""mindfulness"", ""coping with distress""]",[],"[{""address"": ""7300 Hudson Blvd N, Suite 185"", ""fullAddress"": ""7300 Hudson Blvd N, Suite 185, Oakdale, MN, 55128"", ""city"": ""Oakdale"", ""state"": ""MN"", ""zip"": ""55128"", ""website"": ""https://www.evidentmn.com/"", ""email"": ""info@evidentmn.com"", ""phone"": ""651-300-0140"", ""availability"": """"}]",1
Family Services of Rochester,family_services_of_rochester.png,http://familyservicerochester.org/,true,false,"[""Borderline Personality Disorder"", ""Intense emotions"", ""Self-harm"", ""Substance abuse"", ""Emotion regulation"", ""Stress management"", ""Relationship challenges"", ""Communication challenges""]","[""MS"", ""LPCC"", ""MPS"", ""LADC"", ""MSW"", ""LICSW"", ""MA"", ""LGSW""]","[{""address"": ""4600 18th Avenue Northwest"", ""fullAddress"": ""4600 18th Avenue Northwest, Rochester, MN, 55901"", ""city"": ""Rochester"", ""state"": ""MN"", ""zip"": ""55901"", ""website"": ""http://familyservicerochester.org/"", ""email"": ""office@familyservicerochester.org"", ""phone"": ""507-287-2010"", ""availability"": ""true""}]",1
Fernbrook Family Center,,https://fernbrook.org/,false,false,[],[],"[{""address"": ""150 10 St NW, Ste 2"", ""fullAddress"": ""150 10 St NW, Ste 2, Milaca, MN, 56353"", ""city"": ""Milaca"", ""state"": ""MN"", ""zip"": ""56353"", ""website"": ""https://fernbrook.org/"", ""email"": ""info@fernbrook.org"", ""phone"": ""(507) 446-0431"", ""availability"": """"}]",1
Healing Connections Therapy Center,healing_connections_therapy_center.png,http://www.healingconnectionsonline.com/,false,false,"[""Trauma"", ""Anxiety"", ""BPD"", ""Eating Disorders""]","[""MSEd"", ""LP"", ""RN"", ""CNP"", ""PhD"", ""LICSW"", ""MA"", ""LPCC"", ""CBIS""]","[{""address"": ""1751 Southcross Drive West"", ""fullAddress"": ""1751 Southcross Drive West, Burnsville, MN, 55306"", ""city"": ""Burnsville"", ""state"": ""MN"", ""zip"": ""55306"", ""website"": ""http://www.healingconnectionsonline.com/"", ""email"": ""info@healingconnectionsonline.com"", ""phone"": ""952-892-7690"", ""availability"": """"}]",1
Healthy Minds,healthy_minds.png,https://www.healthyminds.io/,false,false,"[""BIPOC"", ""LGBTQ+"", ""Trauma"", ""Anxiety"", ""BPD"", ""Emotion dysregulation and reactivity"", ""anxiety and chronic stress"", ""relationship and interpersonal challenges"", ""shame and self-criticism"", ""life transitions and identity development"", ""emotional intensity"", ""identity exploration""]","[""LGSW"", ""Psychotherapist"", ""DBT Specialist"", ""MSW"", ""LICSW"", ""MS"", ""LPCC"", ""Founder of HM""]","[{""address"": ""400 Selby Ave, Ste Q"", ""fullAddress"": ""400 Selby Ave, Ste Q, St. Paul, MN, 55102"", ""city"": ""St. Paul"", ""state"": ""MN"", ""zip"": ""55102"", ""website"": ""https://www.healthyminds.io/"", ""email"": """", ""phone"": ""651-571-2865"", ""availability"": """"}]",1
HP Psychological Associates PC,,http://www.hppsychological.com/,false,false,"[""neuropsychology"", ""trauma"", ""personality disorders"", ""developmental/relational trauma"", ""relationship issues"", ""life transitions"", ""personal guilt and shame"", ""stress"", ""codependency"", ""avoidance behaviors"", ""self-esteem"", ""anxiety"", ""depression"", ""grief and loss"", ""Borderline Personality Disorders"", ""communication improvement"", ""substance use issues"", ""emotional dysregulation"", ""PTSD"", ""behavioral issues"", ""family"", ""career and relationship stressors"", ""conflict management"", ""anger management"", ""body image"", ""self-concept"", ""adjustment""]","[""PhD"", ""LP"", ""NPT-C"", ""MA"", ""LMFT"", ""SEP"", ""MSE"", ""MS"", ""LPCC"", ""PsyD""]","[{""address"": ""4815 Burning Tree Road, Ste 200"", ""fullAddress"": ""4815 Burning Tree Road, Ste 200, Duluth, MN, 55811"", ""city"": ""Duluth"", ""state"": ""MN"", ""zip"": ""55811"", ""website"": ""http://www.hppsychological.com/"", ""email"": ""officesupport@hppsychological.com"", ""phone"": ""(218) 464-0908"", ""availability"": """"}]",1
Integrity Counseling,integrity_counseling.png,https://intcounseling.com/,false,false,"[""ADHD"", ""Adjustment"", ""Anger"", ""Attachment"", ""Anxiety"", ""Career Issues"", ""Depression"", ""Fear"", ""Forgiveness"", ""Grief"", ""Guilt/Shame"", ""Loss"", ""Mental Illness"", ""Panic Attacks"", ""PTSD"", ""Postpartum Depression"", ""Stress"", ""Trauma"", ""Self Harm"", ""Suicidal Thoughts/Gestures""]","[""LPCC""]","[{""address"": ""155 2nd St SW"", ""fullAddress"": ""155 2nd St SW, Perham, MN, 56573"", ""city"": ""Perham"", ""state"": ""MN"", ""zip"": ""56573"", ""website"": ""https://intcounseling.com/"", ""email"": ""kellie@intcounseling.com"", ""phone"": ""218-422-6131"", ""availability"": """"}]",1
Independent Management Services,independent_management_services.png,https://www.imsofmn.com/,true,false,[],"[""PhD"", ""LP"", ""MSW"", ""LICSW"", ""MBA"", ""CFE"", ""MA"", ""LPCC""]","[{""address"": ""101 21st Street, Suite 1"", ""fullAddress"": ""101 21st Street, Suite 1, Austin, MN, 55912"", ""city"": ""Austin"", ""state"": ""MN"", ""zip"": ""55912"", ""website"": ""https://www.imsofmn.com/"", ""email"": ""info@imsofmn.com"", ""phone"": ""507-437-6389"", ""availability"": """"}, {""address"": ""226 W Clark Street"", ""fullAddress"": ""226 W Clark Street, Albert Lea, MN, 56007"", ""city"": ""Albert Lea"", ""state"": ""MN"", ""zip"": ""56007"", ""website"": ""https://www.imsofmn.com/"", ""email"": ""info@imsofmn.com"", ""phone"": ""507-437-6389"", ""availability"": """"}]",2
Lakeland Mental Health Center,lakeland_mental_health_center.png,http://www.lmhc.org/,false,false,"[""Brainspotting"", ""EMDR"", ""ART Therapy""]","[""Psychiatrists"", ""Nurse Practitioners"", ""Psychologists"", ""Clinical Social Workers"", ""Licensed Marriage and Family Counselors"", ""Licensed Professional Clinical Counselors"", ""Registered Nurses"", ""Licensed Nurses"", ""Mental Health Practitioners""]","[{""address"": ""702 34th Avenue East"", ""fullAddress"": ""702 34th Avenue East, Alexandria, MN, 56308"", ""city"": ""Alexandria"", ""state"": ""MN"", ""zip"": ""56308"", ""website"": ""http://www.lmhc.org/"", ""email"": """", ""phone"": ""(800) 223-4512"", ""availability"": """"}]",1
Life Development Resources PA,life_development_resources_pa.png,http://lifedrs.com/,true,false,"[""Trauma"", ""Anxiety"", ""Depression"", ""Grief"", ""Anger"", ""Addiction"", ""Relationship struggles"", ""BPD"", ""ADHD"", ""Family issues"", ""DBT"", ""EMDR""]","[""BA"", ""Clinical Trainee"", ""MA"", ""LMFT"", ""MS"", ""MSW"", ""LICSW""]","[{""address"": ""7580 160th Street West"", ""fullAddress"": ""7580 160th Street West, Lakeville, MN, 55044"", ""city"": ""Lakeville"", ""state"": ""MN"", ""zip"": ""55044"", ""website"": ""http://lifedrs.com/"", ""email"": """", ""phone"": ""(952) 898-1133"", ""availability"": """"}, {""address"": ""1619 Dayton Avenue"", ""fullAddress"": ""1619 Dayton Avenue, St. Paul, MN, 55104"", ""city"": ""St. Paul"", ""state"": ""MN"", ""zip"": ""55104"", ""website"": ""http://lifedrs.com/"", ""email"": """", ""phone"": ""(952) 898-1133"", ""availability"": """"}]",2
MAP Behavioral Health Center,map_behavioral_health_center.png,https://www.mapbhc.com/,false,false,"[""Trauma"", ""Anxiety"", ""PTSD"", ""Depression"", ""Panic Disorders"", ""Substance Use"", ""Grief"", ""Phobias"", ""Addiction"", ""Executive Function Dysregulation"", ""ADHD""]","[""MSED"", ""LPCC"", ""CRC"", ""Psy.D"", ""LP"", ""APRN"", ""PMHNP-BC"", ""MA"", ""LADC""]","[{""address"": ""324 West Superior St, Suite 260"", ""fullAddress"": ""324 West Superior St, Suite 260, Duluth, MN, 55802"", ""city"": ""Duluth"", ""state"": ""MN"", ""zip"": ""55802"", ""website"": ""https://www.mapbhc.com/"", ""email"": """", ""phone"": ""218-606-1797"", ""availability"": """"}]",1
The Meadows Counseling Center,the_meadows_counseling_center.png,http://www.highlandmeadowscc.com/,true,false,[],[],"[{""address"": ""3737 40th Avenue Northwest"", ""fullAddress"": ""3737 40th Avenue Northwest, Rochester, MN, 55901"", ""city"": ""Rochester"", ""state"": ""MN"", ""zip"": ""55901"", ""website"": ""http://www.highlandmeadowscc.com/"", ""email"": """", ""phone"": ""507-288-6978"", ""availability"": """"}]",1
Mental Health Systems,mental_health_systems.png,https://www.mhs-dbt.com/,false,true,"[""Chronic Pain"", ""LGBTQIA+"", ""College Students"", ""Addiction"", ""Developmental Disorders"", ""Trauma"", ""Perinatal Health"", ""Psychotic Disorders""]",[],"[{""address"": ""6600 France Avenue, Suite 230"", ""fullAddress"": ""6600 France Avenue, Suite 230, Edina, MN, 55435"", ""city"": ""Edina"", ""state"": ""MN"", ""zip"": ""55435"", ""website"": ""https://www.mhs-dbt.com/"", ""email"": """", ""phone"": ""952-835-2002"", ""availability"": """"}, {""address"": ""6063 Hudson Road, Suite 200"", ""fullAddress"": ""6063 Hudson Road, Suite 200, Woodbury, MN, 55125"", ""city"": ""Woodbury"", ""state"": ""MN"", ""zip"": ""55125"", ""website"": ""https://www.mhs-dbt.com/"", ""email"": """", ""phone"": ""952-835-2002"", ""availability"": """"}]",2
Minnesota Center for Psychology LLC,minnesota_center_for_psychology_llc.png,https://www.minnesotacenterforpsychology.com/dialectical-behavior-therapy,true,false,"[""Borderline Personality Disorder"", ""Substance Use Disorder"", ""Depression"", ""Bipolar Disorder"", ""Cluster B Personality Disorders"", ""Post-Traumatic Stress Disorder (PTSD)"", ""Eating Disorders"", ""Transdiagnostic Emotion Dysregulation"", ""Attention-Deficit/Hyperactivity Disorder (ADHD)""]","[""M.S.W."", ""L.I.C.S.W."", ""M.A."", ""Psy.D."", ""L.P."", ""B.A.""]","[{""address"": ""2324 University Avenue West, Suite 120"", ""fullAddress"": ""2324 University Avenue West, Suite 120, St Paul, MN, 55114"", ""city"": ""St Paul"", ""state"": ""MN"", ""zip"": ""55114"", ""website"": ""https://www.minnesotacenterforpsychology.com/dialectical-behavior-therapy"", ""email"": ""info@minncp.com"", ""phone"": ""651-644-4100"", ""availability"": ""true""}]",1
Natalis Counseling and Psychology Solutions,,https://www.natalispsychology.com/,false,false,"[""Trauma-focused therapy"", ""Anxiety"", ""BPD"", ""Eating Disorders""]","[""Billing Specialist"", ""Billing Manager"", ""SBMH Coordinator"", ""Assistant Clinic Manager"", ""Clinic Manager"", ""PMHNP-BC"", ""MSN"", ""DNP"", ""CPNP-AC"", ""MA"", ""MS"", ""Psy.D"", ""LP"", ""LPCC"", ""MSW"", ""LICSW"", ""LGSW"", ""PhD"", ""LAMFT"", ""MPS"", ""LADC"", ""LMFT""]","[{""address"": ""1600 University Avenue West"", ""fullAddress"": ""1600 University Avenue West, St Paul, MN, 55104"", ""city"": ""St Paul"", ""state"": ""MN"", ""zip"": ""55104"", ""website"": ""https://www.natalispsychology.com/"", ""email"": ""info@natalispsychology.com"", ""phone"": ""651-379-5157"", ""availability"": """"}]",1
Northern Pines Mental Health Center Inc,northern_pines_mental_health_center_inc.webp,http://www.npmh.org/,true,false,"[""Substance Use Recovery""]","[""Clinical Trainee"", ""Intern I"", ""Practitioner"", ""APRN/RN"", ""LADC"", ""Therapist"", ""Psychologist"", ""Practitioner/Certified Peer Specialist""]","[{""address"": ""520 5th Street Northwest"", ""fullAddress"": ""520 5th Street Northwest, Brainerd, MN, 56401"", ""city"": ""Brainerd"", ""state"": ""MN"", ""zip"": ""56401"", ""website"": ""http://www.npmh.org/"", ""email"": """", ""phone"": ""320-639-2025"", ""availability"": """"}, {""address"": ""1906 5th Avenue SE, Little Falls MN, 56345"", ""fullAddress"": ""1906 5th Avenue SE, Little Falls MN, 56345"", ""city"": ""Little Falls"", ""state"": ""MN"", ""zip"": ""56345"", ""website"": ""http://www.npmh.org/"", ""email"": """", ""phone"": ""320-639-2025"", ""availability"": """"}, {""address"": ""16 9th Ave SE"", ""fullAddress"": ""16 9th Ave SE, Long Prairie, MN, 56347"", ""city"": ""Long Prairie"", ""state"": ""MN"", ""zip"": ""56347"", ""website"": ""http://www.npmh.org/"", ""email"": """", ""phone"": ""320-639-2025"", ""availability"": """"}, {""address"": ""11 2nd St W"", ""fullAddress"": ""11 2nd St W, Wadena, MN, 56452"", ""city"": ""Wadena"", ""state"": ""MN"", ""zip"": ""56452"", ""website"": ""http://www.npmh.org/"", ""email"": """", ""phone"": ""320-639-2025"", ""availability"": """"}]",4
Northland Counseling Center - Grand Rapids,northland_counseling_center_-_grand_rapids.png,https://northlandcounseling.org/mental-health/dialectical-behavior-therapy/,false,false,[],"[""MS"", ""Ed."", ""LMFT"", ""MSW"", ""LICSW"", ""MA"", ""LPCC""]","[{""address"": ""215 SE 2nd Avenue"", ""fullAddress"": ""215 SE 2nd Avenue, Grand Rapids, MN, 55744"", ""city"": ""Grand Rapids"", ""state"": ""MN"", ""zip"": ""55744"", ""website"": ""https://northlandcounseling.org/mental-health/dialectical-behavior-therapy/"", ""email"": ""jalstad@northlandcounseling.org"", ""phone"": ""218-326-1274"", ""availability"": """"}]",1
Northland Counseling Center - International Falls,,http://northlandcounselingifalls.org/,false,false,[],[],"[{""address"": ""900 5th Street, Suite 305"", ""fullAddress"": ""900 5th Street, Suite 305, International Falls, MN, 56649"", ""city"": ""International Falls"", ""state"": ""MN"", ""zip"": ""56649"", ""website"": ""http://northlandcounselingifalls.org/"", ""email"": """", ""phone"": ""218-283-3406"", ""availability"": """"}]",1
Northland Counseling Center-Grand Rapids,,http://northlandcounselingifalls.org/,false,false,[],[],"[{""address"": ""3130 SE 2nd Ave"", ""fullAddress"": ""3130 SE 2nd Ave, Grand Rapids, MN, 55744"", ""city"": ""Grand Rapids"", ""state"": ""MN"", ""zip"": ""55744"", ""website"": ""http://northlandcounselingifalls.org/"", ""email"": """", ""phone"": ""218-283-3406"", ""availability"": """"}]",1
Northland Counseling Center _International Falls,,http://northlandcounselingifalls.org/,false,false,[],[],"[{""address"": ""1902 Valley Pine Circle"", ""fullAddress"": ""1902 Valley Pine Circle, International Falls, MN, 56649"", ""city"": ""International Falls"", ""state"": ""MN"", ""zip"": ""56649"", ""website"": ""http://northlandcounselingifalls.org/"", ""email"": """", ""phone"": ""218-283-3406"", ""availability"": """"}]",1
Sagent Behavioral Health,sagent_behavioral_health.svg,https://www.nystromcounseling.com/our-services/dialectical-behavior-therapy/,false,false,"[""ADHD"", ""Anger Issues"", ""Anxiety"", ""Autism"", ""Bipolar Disorder"", ""Depression"", ""Insomnia"", ""LGBTQIA+ Affirming"", ""Stress Management"", ""Substance Use"", ""Suicidal Thoughts"", ""Work Issues""]","[""Outpatient Therapy Intern"", ""MA"", ""LPCC Track"", ""LPCC"", ""MSW"", ""LMHC""]","[{""address"": ""1101 East 78th Street, Suite 100"", ""fullAddress"": ""1101 East 78th Street, Suite 100, Bloomington, MN, 55420"", ""city"": ""Bloomington"", ""state"": ""MN"", ""zip"": ""55420"", ""website"": ""https://www.nystromcounseling.com/our-services/dialectical-behavior-therapy/"", ""email"": """", ""phone"": ""866-938-4159"", ""availability"": ""true""}, {""address"": ""11660 Round Lake Boulevard Northwest, Coon Rapids, MN,, 55433"", ""fullAddress"": ""11660 Round Lake Boulevard Northwest, Coon Rapids, MN,, 55433"", ""city"": ""Coon Rapids"", ""state"": ""MN"", ""zip"": ""11660"", ""website"": ""https://www.nystromcounseling.com/our-services/dialectical-behavior-therapy/"", ""email"": """", ""phone"": ""866-938-4159"", ""availability"": ""true""}, {""address"": ""332 West Superior Street, Suite 300"", ""fullAddress"": ""332 West Superior Street, Suite 300, Duluth, MN, 55802"", ""city"": ""Duluth"", ""state"": ""MN"", ""zip"": ""55802"", ""website"": ""https://www.nystromcounseling.com/our-services/dialectical-behavior-therapy/"", ""email"": """", ""phone"": ""866-938-4159"", ""availability"": ""true""}, {""address"": ""11010 Prairie Lakes Drive, Suite 350, Eden Prairie, MN, 55344"", ""fullAddress"": ""11010 Prairie Lakes Drive, Suite 350, Eden Prairie, MN, 55344"", ""city"": ""Eden Prairie"", ""state"": ""MN"", ""zip"": ""11010"", ""website"": ""https://www.nystromcounseling.com/our-services/dialectical-behavior-therapy/"", ""email"": """", ""phone"": ""866-938-4159"", ""availability"": ""true""}, {""address"": ""114 Main St N, Suite 201 B"", ""fullAddress"": ""114 Main St N, Suite 201 B, Hutchinson, MN, 55350"", ""city"": ""Hutchinson"", ""state"": ""MN"", ""zip"": ""55350"", ""website"": ""https://www.nystromcounseling.com/our-services/dialectical-behavior-therapy/"", ""email"": """", ""phone"": ""866-938-4159"", ""availability"": ""true""}, {""address"": ""17685 Juniper Path, Suite 303, Lakeville, MN, 55044"", ""fullAddress"": ""17685 Juniper Path, Suite 303, Lakeville, MN, 55044"", ""city"": ""Lakeville"", ""state"": ""MN"", ""zip"": ""17685"", ""website"": ""https://www.nystromcounseling.com/our-services/dialectical-behavior-therapy/"", ""email"": """", ""phone"": ""866-938-4159"", ""availability"": ""true""}, {""address"": ""201 North Broad Street"", ""fullAddress"": ""201 North Broad Street, Mankato, MN, 56001"", ""city"": ""Mankato"", ""state"": ""MN"", ""zip"": ""56001"", ""website"": ""https://www.nystromcounseling.com/our-services/dialectical-behavior-therapy-dbt/"", ""email"": """", ""phone"": ""866-938-4159"", ""availability"": ""true""}, {""address"": ""13603 80th Circle North, Maple Grove, MN, 55369"", ""fullAddress"": ""13603 80th Circle North, Maple Grove, MN, 55369"", ""city"": ""Maple Grove"", ""state"": ""MN"", ""zip"": ""13603"", ""website"": ""https://www.nystromcounseling.com/our-services/dialectical-behavior-therapy/"", ""email"": """", ""phone"": ""866-938-4159"", ""availability"": ""true""}, {""address"": ""13100 Wayzata Boulevard, Suite 200, Minnetonka, MN, 55305"", ""fullAddress"": ""13100 Wayzata Boulevard, Suite 200, Minnetonka, MN, 55305"", ""city"": ""Minnetonka"", ""state"": ""MN"", ""zip"": ""13100"", ""website"": ""https://www.nystromcounseling.com/"", ""email"": """", ""phone"": ""866-938-4159"", ""availability"": ""true""}, {""address"": ""1900 Silver Lake Road, Suite 110"", ""fullAddress"": ""1900 Silver Lake Road, Suite 110, New Brighton, MN, 55112"", ""city"": ""New Brighton"", ""state"": ""MN"", ""zip"": ""55112"", ""website"": ""https://www.nystromcounseling.com/our-services/dialectical-behavior-therapy/"", ""email"": """", ""phone"": ""866-938-4159"", ""availability"": ""true""}, {""address"": ""9245 Quantrelle Avenue"", ""fullAddress"": ""9245 Quantrelle Avenue, Otsego, MN, 55330"", ""city"": ""Otsego"", ""state"": ""MN"", ""zip"": ""55330"", ""website"": ""https://www.nystromcounseling.com/our-services/dialectical-behavior-therapy/"", ""email"": """", ""phone"": ""866-938-4159"", ""availability"": ""true""}, {""address"": ""101 Delher Drive"", ""fullAddress"": ""101 Delher Drive, St. Cloud, MN, 56377"", ""city"": ""St. Cloud"", ""state"": ""MN"", ""zip"": ""56377"", ""website"": ""https://www.nystromcounseling.com/our-services/dialectical-behavior-therapy/"", ""email"": """", ""phone"": ""866-938-4159"", ""availability"": ""true""}, {""address"": ""1811 Weir Drive, Suite 270"", ""fullAddress"": ""1811 Weir Drive, Suite 270, Woodbury, MN, 55125"", ""city"": ""Woodbury"", ""state"": ""MN"", ""zip"": ""55125"", ""website"": ""https://www.nystromcounseling.com/our-locations/minnesota/woodbury-clinic/"", ""email"": """", ""phone"": ""866-938-4159"", ""availability"": ""true""}, {""address"": ""2405 8th Street South, Suite 200"", ""fullAddress"": ""2405 8th Street South, Suite 200, Moorhead, MN, 56560"", ""city"": ""Moorhead"", ""state"": ""MN"", ""zip"": ""56560"", ""website"": ""https://www.nystromcounseling.com/our-services/dialectical-behavior-therapy/"", ""email"": """", ""phone"": ""866-938-4159"", ""availability"": ""true""}]",14
Olmsted County DBT Program,olmsted_county_dbt_program.webp,https://www.olmstedcounty.gov/residents/services-individuals-families/adults-seniors/adult-behavioral-health#considering-dbt4,false,false,[],[],"[{""address"": ""2100 Campus Drive Southeast, Suite 200"", ""fullAddress"": ""2100 Campus Drive Southeast, Suite 200, Rochester, MN, 55904"", ""city"": ""Rochester"", ""state"": ""MN"", ""zip"": ""55904"", ""website"": ""https://www.olmstedcounty.gov/residents/services-individuals-families/adults-seniors/adult-behavioral-health#considering-dbt4"", ""email"": ""DBTReferrals@olmstedcounty.gov"", ""phone"": ""507-328-6000"", ""availability"": """"}]",1
Omni Mental Health,omni_mental_health.png,https://www.omnimentalhealth.com/,false,false,"[""Anxiety & Depression"", ""Stress Management"", ""Emotional Regulation Skills"", ""Couples Counseling"", ""Improving Communication"", ""Parenting Support"", ""Teen Therapy"", ""Child Therapy"", ""Family Therapy"", ""Dialectical Behavior Therapy"", ""Trauma Recovery"", ""Life Transitions"", ""Self-Esteem & Confidence"", ""Self-Harm Prevention"", ""LGBTQ+ Affirming Care"", ""Neurodiversity Support""]","[""MA"", ""LPCC"", ""CCTP"", ""MS"", ""Prelicensed Practitioner"", ""LMFT"", ""BA"", ""Practicum Intern"", ""LADC"", ""MSW"", ""LICSW"", ""LAMFT""]","[{""address"": ""245 Ruth Street North, Suite 101"", ""fullAddress"": ""245 Ruth Street North, Suite 101 , St. Paul, MN, 55119"", ""city"": ""St. Paul"", ""state"": ""MN"", ""zip"": ""55119"", ""website"": ""https://www.omnimentalhealth.com/"", ""email"": ""info@omnimentalhealth.com"", ""phone"": ""(651) 955-4633"", ""availability"": """"}, {""address"": ""9298 Central Ave NE, Suite 310"", ""fullAddress"": ""9298 Central Ave NE, Suite 310, Blaine, MN, 55434"", ""city"": ""Blaine"", ""state"": ""MN"", ""zip"": ""55434"", ""website"": ""https://www.omnimentalhealth.com/"", ""email"": ""info@omnimentalhealth.com"", ""phone"": ""(651) 955-4633"", ""availability"": """"}, {""address"": ""3257 19th St NW, Suite 4"", ""fullAddress"": ""3257 19th St NW, Suite 4, Rochester, MN, 55901"", ""city"": ""Rochester"", ""state"": ""MN"", ""zip"": ""55901"", ""website"": ""https://www.omnimentalhealth.com/"", ""email"": ""info@omnimentalhealth.com"", ""phone"": ""(651) 955-4633"", ""availability"": """"}]",3
Parker Collins Family Mental Health,parker_collins_family_mental_health.png,https://parkercollins.com/,true,false,[],[],"[{""address"": ""1056 Centerville Circle"", ""fullAddress"": ""1056 Centerville Circle, Vadnais Heights, MN, 55127"", ""city"": ""Vadnais Heights"", ""state"": ""MN"", ""zip"": ""55127"", ""website"": ""https://parkercollins.com/"", ""email"": """", ""phone"": ""651-604-7771"", ""availability"": """"}]",1
Peaks of Hope Counseling,peaks_of_hope_counseling.png,https://www.peaksofhope.com/,false,false,"[""Trauma"", ""EMDR"", ""Neurofeedback"", ""Anchored Relational Model"", ""Somatic Experiencing""]","[""EdD"", ""MS"", ""LPCC"", ""NCC"", ""SEP"", ""MSW"", ""LICSW"", ""Clinical Trainee"", ""Marriage and Family Psychotherapist""]","[{""address"": ""1652 Greenview Dr SW, #160"", ""fullAddress"": ""1652 Greenview Dr SW, #160, Rochester, MN, 55902"", ""city"": ""Rochester"", ""state"": ""MN"", ""zip"": ""55902"", ""website"": ""https://www.peaksofhope.com/"", ""email"": ""andrea@peaksofhope.com"", ""phone"": ""507.722.0198"", ""availability"": """"}]",1
PhoenixRisen Counseling LLC,phoenixrisen_counseling_llc.png,https://www.prcounselingmn.com/,true,false,"[""Trauma"", ""Anxiety"", ""BPD""]","[""LPCC"", ""LMFT"", ""MA""]","[{""address"": ""6640 Shady Oak Road"", ""fullAddress"": ""6640 Shady Oak Road, Eden Prairie, MN, 55344"", ""city"": ""Eden Prairie"", ""state"": ""MN"", ""zip"": ""55344"", ""website"": ""https://www.prcounselingmn.com/"", ""email"": """", ""phone"": ""612-217-1810"", ""availability"": """"}]",1
Psych Recovery Inc.,,http://www.psychrecoveryinc.com/dbt.html,false,false,[],"[""MSW"", ""LICSW"", ""DNP"", ""CNP"", ""PMHNP-BC"", ""MA"", ""LADC"", ""Psy.D."", ""LP""]","[{""address"": ""2550 University Ave West, Suite 229 N"", ""fullAddress"": ""2550 University Ave West, Suite 229 N, St Paul, MN, 55114"", ""city"": ""St Paul"", ""state"": ""MN"", ""zip"": ""55114"", ""website"": ""http://www.psychrecoveryinc.com/dbt.html"", ""email"": """", ""phone"": ""(651) 645-3115"", ""availability"": """"}]",1
RADIAS Health,,http://www.south-metro.org/programs/,true,false,[],[],"[{""address"": ""166 4th Street East"", ""fullAddress"": ""166 4th Street East, St Paul, MN, 55101"", ""city"": ""St Paul"", ""state"": ""MN"", ""zip"": ""55101"", ""website"": ""http://www.south-metro.org/programs/"", ""email"": """", ""phone"": ""651-389-4690"", ""availability"": """"}]",1
Riverstone Psychological Services Inc.,riverstone_psychological_services_inc.png,https://www.riverstonepsych.com/,true,false,[],"[""Ph.D."", ""L.P."", ""DBT-LBC"", ""MA"", ""LPCC"", ""PsyD"", ""MS"", ""Administrative Assistant""]","[{""address"": ""511 Northern Hills Drive Northeast, Suite 2"", ""fullAddress"": ""511 Northern Hills Drive Northeast, Suite 2, Rochester, MN, 55906"", ""city"": ""Rochester"", ""state"": ""MN"", ""zip"": ""55906"", ""website"": ""https://www.riverstonepsych.com/"", ""email"": ""info@riverstonepsych.com"", ""phone"": ""507-923-7321"", ""availability"": """"}]",1
Secure Base Counseling Center,secure_base_counseling_center.png,https://www.securebasecounselingcenter.com/,true,false,[],[],"[{""address"": ""570 Professional Drive"", ""fullAddress"": ""570 Professional Drive, Northfield, MN, 55057"", ""city"": ""Northfield"", ""state"": ""MN"", ""zip"": ""55057"", ""website"": ""https://www.securebasecounselingcenter.com/"", ""email"": """", ""phone"": ""507-301-3412"", ""availability"": """"}, {""address"": ""213 First St"", ""fullAddress"": ""213 First St, Farmington, MN, 55024"", ""city"": ""Farmington"", ""state"": ""MN"", ""zip"": ""55024"", ""website"": ""https://www.securebasecounselingcenter.com/"", ""email"": """", ""phone"": ""507-301-3412"", ""availability"": """"}, {""address"": ""301 E Main St"", ""fullAddress"": ""301 E Main St, New Prague, MN, 56071"", ""city"": ""New Prague"", ""state"": ""MN"", ""zip"": ""56071"", ""website"": ""https://www.securebasecounselingcenter.com/"", ""email"": """", ""phone"": ""507-301-3412"", ""availability"": """"}]",3
Solutions Behavioral Health Center,solutions_behavioral_health_center.png,http://www.solutionsinpractice.org/assesment-and-therapy,false,false,[],[],"[{""address"": ""891 Belsly Boulevard"", ""fullAddress"": ""891 Belsly Boulevard, Moorhead, MN, 56560"", ""city"": ""Moorhead"", ""state"": ""MN"", ""zip"": ""56560"", ""website"": ""http://www.solutionsinpractice.org/assesment-and-therapy"", ""email"": """", ""phone"": ""866-455-6417"", ""availability"": ""true""}, {""address"": ""1104 West River Road"", ""fullAddress"": ""1104 West River Road, Detroit Lakes, MN, 56051"", ""city"": ""Detroit Lakes"", ""state"": ""MN"", ""zip"": ""56051"", ""website"": ""http://www.solutionsinpractice.org/assesment-and-therapy"", ""email"": """", ""phone"": ""866-455-6417"", ""availability"": ""true""}, {""address"": ""1806 Fir Avenue E, Suite 200"", ""fullAddress"": ""1806 Fir Avenue E, Suite 200, Fergus Falls, MN, 56537"", ""city"": ""Fergus Falls"", ""state"": ""MN"", ""zip"": ""56537"", ""website"": ""http://www.solutionsinpractice.org/assesment-and-therapy"", ""email"": """", ""phone"": ""866-455-6417"", ""availability"": ""true""}, {""address"": ""423 Great Oak Dr"", ""fullAddress"": ""423 Great Oak Dr, Waite Park, MN, 56387"", ""city"": ""Waite Park"", ""state"": ""MN"", ""zip"": ""56387"", ""website"": ""http://www.solutionsinpractice.org/assesment-and-therapy"", ""email"": """", ""phone"": ""866-455-6417"", ""availability"": ""true""}]",4
Spero,spero.png,https://speromn.org/,true,false,"[""Depression"", ""Anxiety"", ""Co-Occurring Disorders"", ""Homelessness"", ""Crisis Intervention"", ""Severe Mental Health Conditions""]","[""LGSW"", ""MSW"", ""LICSW"", ""CPRP"", ""RN"", ""LSW"", ""BSSW"", ""MS"", ""LPCC"", ""LADC"", ""CPAHA"", ""MSN"", ""PHN"", ""APRN"", ""M.Ed."", ""PMHNP-BC"", ""MSSW"", ""MA""]","[{""address"": ""610 Florence Ave"", ""fullAddress"": ""610 Florence Ave, Owatonna, MN, 55060"", ""city"": ""Owatonna"", ""state"": ""MN"", ""zip"": ""55060"", ""website"": ""https://speromn.org/"", ""email"": ""info@speromn.org"", ""phone"": ""(507) 451-2630"", ""availability"": ""true""}, {""address"": ""17 5th St SE"", ""fullAddress"": ""17 5th St SE, Kasson, MN, 55944"", ""city"": ""Kasson"", ""state"": ""MN"", ""zip"": ""55944"", ""website"": ""https://speromn.org/"", ""email"": ""info@speromn.org"", ""phone"": ""(507) 451-2630"", ""availability"": ""true""}]",2
Tiny Tree Counseling & Consulting LLC,,https://www.tinytreecounseling.com/,false,false,"[""Anxiety"", ""Depression"", ""Personality Disorders"", ""Mood Disorders"", ""Trauma""]","[""LPCC"", ""DBT-Linehan Board of Certification"", ""Certified Clinician™"", ""Approved LPCC supervisor""]","[{""address"": ""3950 Lyndale Ave S, Suite 2"", ""fullAddress"": ""3950 Lyndale Ave S, Suite 2, Minneapolis, MN, 55409"", ""city"": ""Minneapolis"", ""state"": ""MN"", ""zip"": ""55409"", ""website"": ""https://www.tinytreecounseling.com/"", ""email"": ""support@tinytreecounseling.com"", ""phone"": ""612-234-1807"", ""availability"": """"}]",1
Twin Cities Counseling PLLC,twin_cities_counseling_pllc.png,https://www.twincitiescounseling.org/,false,false,"[""Trauma"", ""Anxiety"", ""BPD"", ""Relationships"", ""Depression""]","[""MA"", ""LPCC"", ""MS"", ""LPC"", ""MSW"", ""LICSW""]","[{""address"": ""4220 31st Ave S"", ""fullAddress"": ""4220 31st Ave S, Minneapolis, MN, 55406"", ""city"": ""Minneapolis"", ""state"": ""MN"", ""zip"": ""55406"", ""website"": ""https://www.twincitiescounseling.org/"", ""email"": """", ""phone"": ""651-208-2767"", ""availability"": ""true""}, {""address"": ""333 N Washington Ave, #401"", ""fullAddress"": ""333 N Washington Ave, #401, Minneapolis, MN, 55401"", ""city"": ""Minneapolis"", ""state"": ""MN"", ""zip"": ""55401"", ""website"": ""https://www.twincitiescounseling.org/"", ""email"": """", ""phone"": ""651-208-2767"", ""availability"": ""true""}]",2
Volunteers of America MN Mental Health Clinic dba Vona Center for Mental Health by Volunteers of America of MN,volunteers_of_america_mn_mental_health_clinic_dba.svg,http://www.voamnwi.org/dbt-outpatient-therapy,true,false,[],"[""MSW"", ""LICSW""]","[{""address"": ""9220 Bass Lake Road, Suite 255"", ""fullAddress"": ""9220 Bass Lake Road, Suite 255, New Hope, MN, 55422"", ""city"": ""New Hope"", ""state"": ""MN"", ""zip"": ""55422"", ""website"": ""http://www.voamnwi.org/dbt-outpatient-therapy"", ""email"": ""voamninfo@voamn.org"", ""phone"": ""952-945-4000"", ""availability"": """"}]",1
Washburn Center for Children,,https://washburn.org/,false,false,"[""Trauma"", ""Anxiety"", ""Depression""]",[],"[{""address"": ""1100 Glenwood Ave"", ""fullAddress"": ""1100 Glenwood Ave, Minneapolis, MN, 55405"", ""city"": ""Minneapolis"", ""state"": ""MN"", ""zip"": ""55405"", ""website"": ""https://washburn.org/"", ""email"": ""medicalrecords@washburn.org"", ""phone"": ""612-871-1454"", ""availability"": """"}]",1
Western Mental Health Clinic,,http://wmhcinc.org/,true,false,[],"[""RN"", ""PMHNP"", ""MD"", ""Psychiatrist"", ""APRN"", ""PMHNP-BC"", ""NCC"", ""LPC"", ""LPCC"", ""LGSW"", ""MSW"", ""LICSW"", ""MS"", ""MHP"", ""LADC"", ""PhD"", ""LP"", ""LMFT""]","[{""address"": ""1212 East College Drive"", ""fullAddress"": ""1212 East College Drive, Marshall, MN, 56258"", ""city"": ""Marshall"", ""state"": ""MN"", ""zip"": ""56258"", ""website"": ""http://wmhcinc.org/"", ""email"": ""Westernmh@wmhcinc.org"", ""phone"": ""507-532-3236"", ""availability"": """"}, {""address"": ""112 St. Olaf Ave S."", ""fullAddress"": ""112 St. Olaf Ave S., Canby, MN, 56220"", ""city"": ""Canby"", ""state"": ""MN"", ""zip"": ""56220"", ""website"": ""http://wmhcinc.org/"", ""email"": ""Westernmh@wmhcinc.org"", ""phone"": ""507-532-3236"", ""availability"": """"}, {""address"": ""818 Prentice Drive"", ""fullAddress"": ""818 Prentice Drive, Granite Falls, MN, 56241"", ""city"": ""Granite Falls"", ""state"": ""MN"", ""zip"": ""56241"", ""website"": ""http://wmhcinc.org/"", ""email"": ""Westernmh@wmhcinc.org"", ""phone"": ""507-532-3236"", ""availability"": """"}, {""address"": ""2001 Maple St"", ""fullAddress"": ""2001 Maple St, Slayton, MN, 56172"", ""city"": ""Slayton"", ""state"": ""MN"", ""zip"": ""56172"", ""website"": ""http://wmhcinc.org/"", ""email"": ""Westernmh@wmhcinc.org"", ""phone"": ""507-532-3236"", ""availability"": """"}, {""address"": ""101 Caring Way"", ""fullAddress"": ""101 Caring Way, Redwood Falls, MN, 56283"", ""city"": ""Redwood Falls"", ""state"": ""MN"", ""zip"": ""56283"", ""website"": ""http://wmhcinc.org/"", ""email"": ""Westernmh@wmhcinc.org"", ""phone"": ""507-532-3236"", ""availability"": """"}, {""address"": ""2042 Juniper Driver"", ""fullAddress"": ""2042 Juniper Driver, Slayton, MN, 56172"", ""city"": ""Slayton"", ""state"": ""MN"", ""zip"": ""56172"", ""website"": ""http://wmhcinc.org/"", ""email"": ""Westernmh@wmhcinc.org"", ""phone"": ""507-532-3236"", ""availability"": """"}, {""address"": ""240 Willow St"", ""fullAddress"": ""240 Willow St, Tyler, MN, 56178"", ""city"": ""Tyler"", ""state"": ""MN"", ""zip"": ""56178"", ""website"": ""http://wmhcinc.org/"", ""email"": ""Westernmh@wmhcinc.org"", ""phone"": ""507-532-3236"", ""availability"": """"}]",7
Wholehearted Healing LLC,,https://www.wholeheartedhealingllc.com/,false,false,"[""Eating Disorder Recovery"", ""Community Healing & Support"", ""Grief and Loss Processing""]","[""DMFT"", ""LPCC"", ""MA"", ""LMFT"", ""RDN"", ""LD"", ""MSW"", ""LICSW""]","[{""address"": ""6381 Osgood Ave North, Building C"", ""fullAddress"": ""6381 Osgood Ave North, Building C, Stillwater, MN, 55082"", ""city"": ""Stillwater"", ""state"": ""MN"", ""zip"": ""55082"", ""website"": ""https://www.wholeheartedhealingllc.com/"", ""email"": ""whhteam@wholeheartedhealingllc.com"", ""phone"": ""612-351-7576"", ""availability"": """"}]",1
